name,slug,region,location,homepage,status,lat,lng,soundtap_url
Bushradio,bushradio,Africa/Middle East,,,,-33.932436,18.456742,http://soundtap.com/bushradio/
Ghetto Radio,ghettoradio,Africa/Middle East,,,,-1.273718,36.831767,http://soundtap.com/ghettoradio/
Kol Ha Campus,kolhacampus,Africa/Middle East,,,,32.0852999,34.7817676,http://soundtap.com/kolhacampus/
Ness Radio,nessradio,Africa/Middle East,,,,31.6294723,-7.9810845,http://soundtap.com/nessradio/
Radio Beirut,radiobeirut,Africa/Middle East,,,,33.8937913,35.5017767,http://soundtap.com/radiobeirut/
RockPop United,rockpopunited,Africa/Middle East,,,,33.5731104,-7.5898434,http://soundtap.com/rockpopunited/
Kaskus Radio,kaskusradio,Asia,,,,-6.14205,106.816068,http://soundtap.com/kaskusradio/
RBMA Radio,rbmaradio,Asia,,,,13.0448862,80.1583178,http://soundtap.com/rbmaradio/
Seoul Community Radio,seoulcommunityradio,Asia,,,,37.566535,126.9779692,http://soundtap.com/seoulcommunityradio/
1431AM,1431am,Europe,"Thessaloniki, Greece",http://www.1431am.org/,active,40.6393495,22.9446064,http://soundtap.com/1431am/
Academy FM,academyfm,Europe,,,,51.081397,1.169456,http://soundtap.com/academyfm/
Acik Radyo,acikradyo,Europe,,,,41.0082376,28.9783589,http://soundtap.com/acikradyo/
B92,b92,Europe,,,,44.817425,20.420311,http://soundtap.com/b92/
Bailrigg FM,bailriggfm,Europe,,,,54.048151,-2.803827,http://soundtap.com/bailriggfm/
Bartok Radio,bartokradio,Europe,,,,47.492365,19.064367,http://soundtap.com/bartokradio/
BAU Radyo,bauradyo,Europe,,,,41.0082376,28.9783589,http://soundtap.com/bauradyo/
BBC Radio,bbcradio,Europe,,,,51.5073509,-0.1277583,http://soundtap.com/bbcradio/
Berlin Community Radio,berlincommunityradiostation,Europe,,,,52.502238,13.439411,http://soundtap.com/berlincommunityradiostation/
BT Radio,btradio,Europe,,,,48.82438,2.370375,http://soundtap.com/btradio/
Burst Radio,burstradio,Europe,,,,51.456715,-2.61287,http://soundtap.com/burstradio/
ByteFM,bytefm,Europe,,,,52.5117622,13.4558552,http://soundtap.com/bytefm/
Cambridge 105,cambridge105,Europe,,,,52.202419,0.139252,http://soundtap.com/cambridge105/
Controradio Firenze,controradiofirenze,Europe,,,,43.7695604,11.2558136,http://soundtap.com/controradiofirenze/
DemonFM,demonfm,Europe,,,,52.6368778,-1.1397592,http://soundtap.com/demonfm/
Dinamo,dinamo,Europe,,,,40.983483,29.022718,http://soundtap.com/dinamo/
dublab.es,dublabes,Europe,,,,41.3850639,2.1734035,http://soundtap.com/dublabes/
Dublin Digital Radio,dublindigitalradio,Europe,,,,53.3498053,-6.2603097,http://soundtap.com/dublindigitalradio/
ExpressFM,expressfm,Europe,,,,50.80003,-1.087291,http://soundtap.com/expressfm/
FelixstoweRadio,felixstoweradio,Europe,,,,51.961726,1.351255,http://soundtap.com/felixstoweradio/
FIP Radio,fipradio,Europe,,,,48.856614,2.3522219,http://soundtap.com/fipradio/
FLY FM,flyfm,Europe,,,,52.955078,-1.148277,http://soundtap.com/flyfm/
FM4,fm4,Europe,,,,48.2081743,16.3738189,http://soundtap.com/fm4/
Forge Radio,forgeradio,Europe,,,,53.380889,-1.487534,http://soundtap.com/forgeradio/
Fresh Air Radio,freshairradio,Europe,,,,55.952682,-3.194658,http://soundtap.com/freshairradio/
Fréquence Banane,frquencebanane,Europe,,,,46.174703,6.141848,http://soundtap.com/frquencebanane/
Future Radio,futureradio,Europe,,,,52.637282,1.241411,http://soundtap.com/futureradio/
International Radio Festival,internationalradiofestival,Europe,,,,47.3686498,8.5391825,http://soundtap.com/internationalradiofestival/
ITU Radyosu,ituradyosu,Europe,,,,41.0082376,28.9783589,http://soundtap.com/ituradyosu/
KaneFM,kanefm,Europe,,,,51.3147593,-0.5599501,http://soundtap.com/kanefm/
KU Radyo,kuradyo,Europe,,,,41.104521,29.00001,http://soundtap.com/kuradyo/
LCR,lcr,Europe,,,,52.487557,-1.483812,http://soundtap.com/lcr/
LeMellotron,lemellotron,Europe,,,,48.856614,2.3522219,http://soundtap.com/lemellotron/
Liffey Sound FM,liffeysoundfm,Europe,,,,53.348361,-6.422657,http://soundtap.com/liffeysoundfm/
LSR,lsr,Europe,,,,53.569373,-1.439943,http://soundtap.com/lsr/
M94.5,m945,Europe,,,,48.162211,11.555417,http://soundtap.com/m945/
Max FM,maxfm,Europe,,,,39.9333635,32.8597419,http://soundtap.com/maxfm/
Nerve Radio,nerveradio,Europe,,,,50.900084,-1.403792,http://soundtap.com/nerveradio/
Numayis Radyo,numayisradyo,Europe,,,,41.0082376,28.9783589,http://soundtap.com/numayisradyo/
Orange94,orange94,Europe,,,,48.2403976,16.387124,http://soundtap.com/orange94/
Periszkop Radio,periszkopradio,Europe,,,,46.0727345,18.232266,http://soundtap.com/periszkopradio/
PLUG Radio,plugradio,Europe,,,,48.856614,2.3522219,http://soundtap.com/plugradio/
Pure FM,purefm,Europe,,,,50.903664,-1.397172,http://soundtap.com/purefm/
Radar Radio,radarradio,Europe,,,,51.5073509,-0.1277583,http://soundtap.com/radarradio/
Radio 6023,radio6023,Europe,,,,45.33063,8.421702,http://soundtap.com/radio6023/
Radio Active,radioactive2,Europe,,,,36.9679573,24.7024179,http://soundtap.com/radioactive2/
Radio BLC,radioblc,Europe,,,,44.7755294,17.2149671,http://soundtap.com/radioblc/
Radio Bremen,radiobremen,Europe,,,,53.0792962,8.8016937,http://soundtap.com/radiobremen/
Radio Campus,radiocampus,Europe,,,,47.236388,5.989896,http://soundtap.com/radiocampus/
Radio Campus Lille,radiocampuslille,Europe,,,,50.6207,3.13149,http://soundtap.com/radiocampuslille/
Radio Cardiff,radiocardiff,Europe,,,,51.469542,-3.176292,http://soundtap.com/radiocardiff/
Radio Centraal,radiocentraal,Europe,,,,51.22015,4.396566,http://soundtap.com/radiocentraal/
Radio Dio,radiodio,Europe,,,,45.439695,4.3871779,http://soundtap.com/radiodio/
Radio Hchicha,radiohchicha,Europe,,,,48.856614,2.3522219,http://soundtap.com/radiohchicha/
Radio Nova,radionova,Europe,,,,48.856614,2.3522219,http://soundtap.com/radionova/
Radio Pavia,radiopavia,Europe,,,,45.181481,9.154636,http://soundtap.com/radiopavia/
Radio Scorpio,radioscorpio,Europe,,,,50.885788,4.718027,http://soundtap.com/radioscorpio/
Radio Wivenhoe,radiowivenhoe,Europe,,,,51.851449,1.066013,http://soundtap.com/radiowivenhoe/
Radio110,radio110,Europe,,,,45.070312,7.6868565,http://soundtap.com/radio110/
RadioBue,radiobue,Europe,,,,45.731064,11.548103,http://soundtap.com/radiobue/
RadioCicletta,radiocicletta,Europe,,,,43.7228386,10.4016888,http://soundtap.com/radiocicletta/
RadioEco,radioeco,Europe,,,,43.713907,10.397075,http://soundtap.com/radioeco/
Radiofil,radiofil,Europe,,,,41.0082376,28.9783589,http://soundtap.com/radiofil/
RadioGrenouille,radiogrenouille,Europe,,,,43.296482,5.36978,http://soundtap.com/radiogrenouille/
RadioStadMontfoort,radiostadmontfoort,Europe,,,,52.044632,4.934645,http://soundtap.com/radiostadmontfoort/
Radyo A,radyoa,Europe,,,,39.7667061,30.5256311,http://soundtap.com/radyoa/
Radyo Arkent,radyoarkent,Europe,,,,41.00527,28.97696,http://soundtap.com/radyoarkent/
Radyo Bilkent,radyobilkent,Europe,,,,39.9333635,32.8597419,http://soundtap.com/radyobilkent/
Radyo Bogazici,radyobogazici,Europe,,,,41.0082376,28.9783589,http://soundtap.com/radyobogazici/
Radyo Bozcaada,radyobozcaada,Europe,,,,39.8205136,26.035717,http://soundtap.com/radyobozcaada/
Radyo Dejavu,radyodejavu,Europe,,,,36.8968908,30.7133233,http://soundtap.com/radyodejavu/
Radyo Ege Campus,radyoegecampus,Europe,,,,38.314913,26.637986,http://soundtap.com/radyoegecampus/
Radyo Eko,radyoeko,Europe,,,,38.572679,27.060291,http://soundtap.com/radyoeko/
Radyo Eksen,radyoeksen,Europe,,,,41.114215,29.022435,http://soundtap.com/radyoeksen/
Radyo ILEF,radyoilef,Europe,,,,39.9333635,32.8597419,http://soundtap.com/radyoilef/
Radyo Ki,radyoki,Europe,,,,40.8532704,29.8815203,http://soundtap.com/radyoki/
Radyo Muzik,radyomuzik,Europe,,,,41.0082376,28.9783589,http://soundtap.com/radyomuzik/
Radyo ODTU,radyoodtu,Europe,,,,39.9333635,32.8597419,http://soundtap.com/radyoodtu/
Radyo Trafik,radyotrafik,Europe,,,,41.0082376,28.9783589,http://soundtap.com/radyotrafik/
Radyo Vaveyla,radyovaveyla,Europe,,,,36.8968908,30.7133233,http://soundtap.com/radyovaveyla/
Radyo Vesaire,radyovesaire,Europe,,,,41.0082376,28.9783589,http://soundtap.com/radyovesaire/
RadyoTurk,radyoturk,Europe,,,,52.519171,13.4060912,http://soundtap.com/radyoturk/
RamAir Radio,ramairradio,Europe,,,,53.795984,-1.759398,http://soundtap.com/ramairradio/
RaW,raw,Europe,,,,52.477782,-1.895539,http://soundtap.com/raw/
Reaction Radio,reactionradio,Europe,,,,51.181122,-0.7098,http://soundtap.com/reactionradio/
ResonanceFM,resonancefm,Europe,,,,51.5073509,-0.1277583,http://soundtap.com/resonancefm/
Rinse FM,rinsefm,Europe,,,,51.526587,-0.080542,http://soundtap.com/rinsefm/
Rádio Zero,rdiozero,Europe,,,,38.8673672,-9.2845548,http://soundtap.com/rdiozero/
Sanbaradio,sanbaradio,Europe,,,,46.017285,10.94585,http://soundtap.com/sanbaradio/
Scratch Radio,scratchradio,Europe,,,,52.486243,-1.890401,http://soundtap.com/scratchradio/
Siren FM,sirenfm,Europe,,,,53.268697,-0.527901,http://soundtap.com/sirenfm/
Skywalker-FM,skywalkerfm,Europe,,,,52.5200066,13.404954,http://soundtap.com/skywalkerfm/
Soho Radio,sohoradio,Europe,,,,51.5073509,-0.1277583,http://soundtap.com/sohoradio/
Soundart Radio,soundartradio,Europe,,,,50.7155591,-3.530875,http://soundtap.com/soundartradio/
Surge Radio,surgeradio,Europe,,,,50.934467,-1.397452,http://soundtap.com/surgeradio/
Sweat Lodge Radio,sweatlodgeradio,Europe,,,,52.502671,13.409658,http://soundtap.com/sweatlodgeradio/
TeleportStation,teleportstation,Europe,,,,55.755826,37.6173,http://soundtap.com/teleportstation/
Uni FM,unifm,Europe,,,,36.8968908,30.7133233,http://soundtap.com/unifm/
URN,urn,Europe,,,,52.937971,-1.194317,http://soundtap.com/urn/
URY,ury,Europe,,,,53.9622908,-1.0818995,http://soundtap.com/ury/
World Music Radio,worldmusicradio,Europe,,,,57.209049,9.677583,http://soundtap.com/worldmusicradio/
Worldwide FM,worldwidefm,Europe,,,,51.5073509,-0.1277583,http://soundtap.com/worldwidefm/
Xtreme,xtreme,Europe,,,,51.526817,-3.686598,http://soundtap.com/xtreme/
Radio 90.5fm,radio905fm,Latin America,,,,10.658655,-61.521239,http://soundtap.com/radio905fm/
88Nine,88nine,North America,,,,42.6691681,-87.9155928,http://soundtap.com/88nine/
9th Floor Radio,9thfloorradio,North America,,,,37.8043637,-122.2711137,http://soundtap.com/9thfloorradio/
Aggie Radio,aggieradio,North America,,,,41.761292,-111.847363,http://soundtap.com/aggieradio/
Aims Student Radio,aimsstudentradio,North America,,,,40.573239,-105.087892,http://soundtap.com/aimsstudentradio/
ArtonAir,artonair,North America,,,,40.716386,-74.003278,http://soundtap.com/artonair/
AshevilleFM,ashevillefm,North America,,,,35.5950581,-82.5514869,http://soundtap.com/ashevillefm/
AudioBoxLive,audioboxlive,North America,,,,45.5086699,-73.5539925,http://soundtap.com/audioboxlive/
Babson College Radio,babsoncollegeradio,North America,,,,42.302586,-71.377645,http://soundtap.com/babsoncollegeradio/
Bagel Radio,bagelradio,North America,,,,37.784517,-122.409464,http://soundtap.com/bagelradio/
BearCast Radio,bearcastradio,North America,,,,39.130607,-84.518123,http://soundtap.com/bearcastradio/
Berkeley Liberation Radio,berkeleyliberationradio,North America,,,,37.777089,-122.411701,http://soundtap.com/berkeleyliberationradio/
BFF.fm,bfffm,North America,,,,37.7749295,-122.4194155,http://soundtap.com/bfffm/
Black Squirrel Radio,blacksquirrelradio,North America,,,,41.151483,-81.350927,http://soundtap.com/blacksquirrelradio/
Blue Echo Radio,blueechoradio,North America,,,,35.5950581,-82.5514869,http://soundtap.com/blueechoradio/
Brooklyn Radio,brooklynradio,North America,,,,40.6781784,-73.9441579,http://soundtap.com/brooklynradio/
BSR,bsr,North America,,,,42.181401,-71.069958,http://soundtap.com/bsr/
Bulls Radio,bullsradio,North America,,,,27.981714,-82.446056,http://soundtap.com/bullsradio/
CFBX,cfbx,North America,,,,50.667625,-120.364295,http://soundtap.com/cfbx/
CFRU,cfru,North America,,,,43.530901,-80.226307,http://soundtap.com/cfru/
CFUV,cfuv,North America,,,,48.388742,-123.683145,http://soundtap.com/cfuv/
Chapman Radio,chapmanradio,North America,,,,33.874687,-117.919452,http://soundtap.com/chapmanradio/
CHIRP,chirp,North America,,,,41.798321,-88.074048,http://soundtap.com/chirp/
CHOQ,choq,North America,,,,45.5016889,-73.567256,http://soundtap.com/choq/
CHRW,chrw,North America,,,,43.008558,-81.263498,http://soundtap.com/chrw/
CHUO,chuo,North America,,,,45.4215296,-75.6971931,http://soundtap.com/chuo/
CIBL,cibl,North America,,,,45.5016889,-73.567256,http://soundtap.com/cibl/
CICK,cick,North America,,,,54.782355,-127.1685541,http://soundtap.com/cick/
CISM,cism,North America,,,,45.5016889,-73.567256,http://soundtap.com/cism/
CiTR,citr,North America,,,,49.267384,-123.249948,http://soundtap.com/citr/
CIUT,ciut,North America,,,,43.663936,-79.395114,http://soundtap.com/ciut/
CIXX,cixx,North America,,,,43.013919,-81.200929,http://soundtap.com/cixx/
CJAM,cjam,North America,,,,42.3183446,-83.0342423,http://soundtap.com/cjam/
CJLO,cjlo,North America,,,,45.5016889,-73.567256,http://soundtap.com/cjlo/
CJSF,cjsf,North America,,,,49.279088,-122.920424,http://soundtap.com/cjsf/
CJSW,cjsw,North America,,,,51.078926,-114.130171,http://soundtap.com/cjsw/
CKCU,ckcu,North America,,,,45.403101,-75.725167,http://soundtap.com/ckcu/
CKDU,ckdu,North America,,,,44.646628,-63.574526,http://soundtap.com/ckdu/
CKMS,ckms,North America,,,,43.483083,-80.546151,http://soundtap.com/ckms/
CKUM,ckum,North America,,,,46.0878165,-64.7782313,http://soundtap.com/ckum/
CKUT,ckut,North America,,,,45.5016889,-73.567256,http://soundtap.com/ckut/
CKUW,ckuw,North America,,,,49.8997541,-97.1374937,http://soundtap.com/ckuw/
Clark Radio,clarkradio,North America,,,,42.2625932,-71.8022934,http://soundtap.com/clarkradio/
College Radio,collegeradio,North America,,,,17.963098,-76.894129,http://soundtap.com/collegeradio/
Coyote Radio,coyoteradio,North America,,,,34.1083449,-117.2897652,http://soundtap.com/coyoteradio/
detour MUSIC,detourmusic,North America,,,,35.95315,-83.915659,http://soundtap.com/detourmusic/
dublab,dublab,North America,,,,34.0522342,-118.2436849,http://soundtap.com/dublab/
Eagle Radio,eagleradio,North America,,,,42.368791,-83.355565,http://soundtap.com/eagleradio/
ENMU,enmu,North America,,,,34.178032,-103.346506,http://soundtap.com/enmu/
Fredonia Radio,fredoniaradio,North America,,,,42.438355,-79.309956,http://soundtap.com/fredoniaradio/
Frission Radio,frissionradio,North America,,,,29.5492282,-98.4838995,http://soundtap.com/frissionradio/
G-Town Radio,gtownradio,North America,,,,39.9525839,-75.1652215,http://soundtap.com/gtownradio/
Gashouse Radio,gashouseradio,North America,,,,39.946335,-74.960316,http://soundtap.com/gashouseradio/
Hawk Radio Hilbert,hawkradiohilbert,North America,,,,42.7158927,-78.8294768,http://soundtap.com/hawkradiohilbert/
Hollow Earth Radio,hollowearthradio,North America,,,,47.61306,-122.305421,http://soundtap.com/hollowearthradio/
InfoWars,infowars,North America,,,,30.248271,-97.761664,http://soundtap.com/infowars/
KAFA,kafa,North America,,,,38.842528,-104.863573,http://soundtap.com/kafa/
KALW,kalw,North America,,,,37.720797,-122.407157,http://soundtap.com/kalw/
KALX,kalx,North America,,,,37.870123,-122.257836,http://soundtap.com/kalx/
KAMP,kamp,North America,,,,32.271887,-111.002137,http://soundtap.com/kamp/
KAOR,kaor,North America,,,,42.7794417,-96.9292104,http://soundtap.com/kaor/
KAOS,kaos,North America,,,,47.073404,-122.974234,http://soundtap.com/kaos/
KAOS Radio,kaosradio,North America,,,,30.286364,-97.697162,http://soundtap.com/kaosradio/
KBGA,kbga,North America,,,,46.8787176,-113.996586,http://soundtap.com/kbga/
KBOO,kboo,North America,,,,45.522467,-122.657562,http://soundtap.com/kboo/
KBVR,kbvr,North America,,,,44.563693,-123.276252,http://soundtap.com/kbvr/
KBVU,kbvu,North America,,,,42.6430359,-95.2019399,http://soundtap.com/kbvu/
KCEA,kcea,North America,,,,37.461327,-122.176076,http://soundtap.com/kcea/
KCHUNG Radio,kchungradio,North America,,,,34.050584,-118.245582,http://soundtap.com/kchungradio/
KCOU,kcou,North America,,,,38.939404,-92.326134,http://soundtap.com/kcou/
KCPR,kcpr,North America,,,,35.299286,-120.661463,http://soundtap.com/kcpr/
KCR ,kcr,North America,,,,32.772144,-117.072103,http://soundtap.com/kcr/
KCRH,kcrh,North America,,,,37.639655,-122.105519,http://soundtap.com/kcrh/
KCRW,kcrw,North America,,,,34.0194543,-118.4911912,http://soundtap.com/kcrw/
KCSB,kcsb,North America,,,,34.42,-119.7,http://soundtap.com/kcsb/
KCSF,kcsf,North America,,,,37.7749295,-122.4194155,http://soundtap.com/kcsf/
KCSM,kcsm,North America,,,,37.535519,-122.33593,http://soundtap.com/kcsm/
KCSN,kcsn,North America,,,,34.236488,-118.528152,http://soundtap.com/kcsn/
KCSU,kcsu,North America,,,,40.599982,-105.15637,http://soundtap.com/kcsu/
KDFC,kdfc,North America,,,,37.849094,-122.499736,http://soundtap.com/kdfc/
KDHR,kdhr,North America,,,,33.86085,-118.2342378,http://soundtap.com/kdhr/
KDHX,kdhx,North America,,,,38.6270025,-90.1994042,http://soundtap.com/kdhx/
KDIC,kdic,North America,,,,41.749221,-92.719749,http://soundtap.com/kdic/
KDMC,kdmc,North America,,,,37.3058839,-89.5181476,http://soundtap.com/kdmc/
KDRT,kdrt,North America,,,,38.5449065,-121.7405167,http://soundtap.com/kdrt/
KDVS,kdvs,North America,,,,38.5449065,-121.7405167,http://soundtap.com/kdvs/
KECG,kecg,North America,,,,37.908258,-122.295247,http://soundtap.com/kecg/
KEXP,kexp,North America,,,,47.6062095,-122.3320708,http://soundtap.com/kexp/
KFFP (Freeform Portland),kffpfreeformportland,North America,,,,45.5230622,-122.6764816,http://soundtap.com/kffpfreeformportland/
KFJC,kfjc,North America,,,,37.361224,-122.128452,http://soundtap.com/kfjc/
KGNU,kgnu,North America,,,,40.0149856,-105.2705456,http://soundtap.com/kgnu/
KHDX,khdx,North America,,,,35.0886963,-92.4421011,http://soundtap.com/khdx/
KHSU,khsu,North America,,,,40.875594,-124.081194,http://soundtap.com/khsu/
KIPO,kipo,North America,,,,21.293275,-157.839398,http://soundtap.com/kipo/
KJACK,kjack,North America,,,,35.1982836,-111.651302,http://soundtap.com/kjack/
KJHK,kjhk,North America,,,,38.956794,-95.246324,http://soundtap.com/kjhk/
KKCR,kkcr,North America,,,,22.2033221,-159.4977455,http://soundtap.com/kkcr/
KKFI,kkfi,North America,,,,39.056234,-94.585768,http://soundtap.com/kkfi/
KKUP,kkup,North America,,,,37.3229978,-122.0321823,http://soundtap.com/kkup/
KLBC,klbc,North America,,,,33.768321,-118.1956168,http://soundtap.com/klbc/
KLSU,klsu,North America,,,,30.412894,-91.182354,http://soundtap.com/klsu/
KMET,kmet,North America,,,,39.745284,-105.005854,http://soundtap.com/kmet/
KMRD,kmrd,North America,,,,35.3653705,-105.9699878,http://soundtap.com/kmrd/
KMSC,kmsc,North America,,,,42.474438,-96.35975,http://soundtap.com/kmsc/
KMUD,kmud,North America,,,,40.803377,-124.166438,http://soundtap.com/kmud/
KMUW,kmuw,North America,,,,37.715431,-97.297438,http://soundtap.com/kmuw/
KNDS,knds,North America,,,,46.89165,-96.797504,http://soundtap.com/knds/
KNKR,knkr,North America,,,,20.0859161,-155.7171332,http://soundtap.com/knkr/
KNTU,kntu,North America,,,,33.212116,-97.145863,http://soundtap.com/kntu/
KOOP,koop,North America,,,,30.267153,-97.7430608,http://soundtap.com/koop/
KOTO,koto,North America,,,,37.938883,-107.831175,http://soundtap.com/koto/
KPCC,kpcc,North America,,,,34.137798,-118.148637,http://soundtap.com/kpcc/
KPFA,kpfa,North America,,,,37.8715926,-122.272747,http://soundtap.com/kpfa/
KPFK,kpfk,North America,,,,34.135316,-118.361784,http://soundtap.com/kpfk/
KPFT,kpft,North America,,,,29.743206,-95.386746,http://soundtap.com/kpft/
KPLU,kplu,North America,,,,47.14696,-122.44037,http://soundtap.com/kplu/
KPOO,kpoo,North America,,,,37.78196,-122.43933,http://soundtap.com/kpoo/
KPOV,kpov,North America,,,,44.056293,-121.316168,http://soundtap.com/kpov/
KPSU,kpsu,North America,,,,45.511788,-122.684095,http://soundtap.com/kpsu/
KPVL,kpvl,North America,,,,43.304072,-91.784244,http://soundtap.com/kpvl/
KQAL,kqal,North America,,,,44.045933,-91.644891,http://soundtap.com/kqal/
KQED,kqed,North America,,,,37.7749295,-122.4194155,http://soundtap.com/kqed/
KQNY,kqny,North America,,,,39.935168,-120.929691,http://soundtap.com/kqny/
KRBX,krbx,North America,,,,43.613739,-116.237651,http://soundtap.com/krbx/
KRCC,krcc,North America,,,,38.846596,-104.819303,http://soundtap.com/krcc/
KRCL,krcl,North America,,,,40.770301,-111.94701,http://soundtap.com/krcl/
KRFC,krfc,North America,,,,40.579356,-105.077044,http://soundtap.com/krfc/
KRFH,krfh,North America,,,,40.8665166,-124.0828396,http://soundtap.com/krfh/
KRLX,krlx,North America,,,,44.4613,-93.156052,http://soundtap.com/krlx/
KRNU,krnu,North America,,,,40.806862,-96.681679,http://soundtap.com/krnu/
KROV,krov,North America,,,,39.5137752,-121.556359,http://soundtap.com/krov/
KRSC,krsc,North America,,,,36.3125963,-95.61609,http://soundtap.com/krsc/
KRSQ,krsq,North America,,,,48.1191353,-96.1811473,http://soundtap.com/krsq/
KRTU,krtu,North America,,,,29.464372,-98.482791,http://soundtap.com/krtu/
KRUI,krui,North America,,,,41.663464,-91.537834,http://soundtap.com/krui/
KRUX,krux,North America,,,,32.28752,-106.750457,http://soundtap.com/krux/
KSAU,ksau,North America,,,,31.629346,-94.679099,http://soundtap.com/ksau/
KSBR,ksbr,North America,,,,33.552983,-117.66616,http://soundtap.com/ksbr/
KSCL,kscl,North America,,,,32.480535,-93.731547,http://soundtap.com/kscl/
KSCU,kscu,North America,,,,37.349992,-121.940572,http://soundtap.com/kscu/
KSDP,ksdp,North America,,,,55.316526,-160.521859,http://soundtap.com/ksdp/
KSDT,ksdt,North America,,,,32.873577,-117.237811,http://soundtap.com/ksdt/
KSER,kser,North America,,,,47.98234,-122.206967,http://soundtap.com/kser/
KSFS,ksfs,North America,,,,37.7749295,-122.4194155,http://soundtap.com/ksfs/
KSJD,ksjd,North America,,,,37.351932,-108.443669,http://soundtap.com/ksjd/
KSJS,ksjs,North America,,,,37.3382082,-121.8863286,http://soundtap.com/ksjs/
KSLU,kslu,North America,,,,30.51569,-90.467934,http://soundtap.com/kslu/
KSPC,kspc,North America,,,,34.0966764,-117.7197785,http://soundtap.com/kspc/
KSTO,ksto,North America,,,,44.4582983,-93.161604,http://soundtap.com/ksto/
KSU Owl Radio,ksuowlradio,North America,,,,34.0234337,-84.6154897,http://soundtap.com/ksuowlradio/
KSUA,ksua,North America,,,,64.886118,-147.740787,http://soundtap.com/ksua/
KTAI,ktai,North America,,,,27.523624,-97.879193,http://soundtap.com/ktai/
KTCU,ktcu,North America,,,,32.711273,-97.360307,http://soundtap.com/ktcu/
KTRU,ktru,North America,,,,29.7604267,-95.3698028,http://soundtap.com/ktru/
KTSW,ktsw,North America,,,,29.903306,-97.968482,http://soundtap.com/ktsw/
KTUH,ktuh,North America,,,,21.299053,-157.819708,http://soundtap.com/ktuh/
KUCI,kuci,North America,,,,33.64635,-117.846887,http://soundtap.com/kuci/
KUCR,kucr,North America,,,,33.999677,-117.367523,http://soundtap.com/kucr/
KUIW,kuiw,North America,,,,29.4241219,-98.4936282,http://soundtap.com/kuiw/
KUMD,kumd,North America,,,,46.818672,-92.08432,http://soundtap.com/kumd/
KUNM,kunm,North America,,,,35.0853336,-106.6055534,http://soundtap.com/kunm/
KUNV,kunv,North America,,,,36.007766,-115.006635,http://soundtap.com/kunv/
KUOI,kuoi,North America,,,,46.728498,-117.004054,http://soundtap.com/kuoi/
KUPS,kups,North America,,,,47.2528768,-122.4442906,http://soundtap.com/kups/
KUR,kur,North America,,,,40.603586,-75.495534,http://soundtap.com/kur/
KURE,kure,North America,,,,42.02359,-93.650701,http://soundtap.com/kure/
KUSF,kusf,North America,,,,37.7749295,-122.4194155,http://soundtap.com/kusf/
KUSP,kusp,North America,,,,36.964547,-121.997721,http://soundtap.com/kusp/
KUST,kust,North America,,,,44.995017,-93.453832,http://soundtap.com/kust/
KVMR,kvmr,North America,,,,39.262349,-121.02044,http://soundtap.com/kvmr/
KVNF,kvnf,North America,,,,38.868265,-107.597498,http://soundtap.com/kvnf/
KVNO,kvno,North America,,,,41.258228,-96.009219,http://soundtap.com/kvno/
KVRX,kvrx,North America,,,,30.288894,-97.740513,http://soundtap.com/kvrx/
KVSC,kvsc,North America,,,,45.55236,-94.152557,http://soundtap.com/kvsc/
KWCW,kwcw,North America,,,,46.0645809,-118.3430209,http://soundtap.com/kwcw/
KWLC,kwlc,North America,,,,43.310527,-91.811544,http://soundtap.com/kwlc/
KWMR,kwmr,North America,,,,38.069467,-122.806593,http://soundtap.com/kwmr/
KWSS,kwss,North America,,,,33.45324,-111.926217,http://soundtap.com/kwss/
KWTF,kwtf,North America,,,,38.440429,-122.7140548,http://soundtap.com/kwtf/
KWUR,kwur,North America,,,,38.645885,-90.318726,http://soundtap.com/kwur/
KWVA,kwva,North America,,,,44.044599,-123.074013,http://soundtap.com/kwva/
KWVS,kwvs,North America,,,,34.0050079,-118.8100893,http://soundtap.com/kwvs/
KXLU,kxlu,North America,,,,34.0522342,-118.2436849,http://soundtap.com/kxlu/
KXSF,kxsf2,North America,,,,37.7749295,-122.4194155,http://soundtap.com/kxsf2/
KXUA,kxua,North America,,,,36.062208,-94.164432,http://soundtap.com/kxua/
KXUL,kxul,North America,,,,32.510375,-92.124285,http://soundtap.com/kxul/
KYRS,kyrs,North America,,,,47.658941,-117.41255,http://soundtap.com/kyrs/
KZAP,kzap,North America,,,,38.5815719,-121.4943996,http://soundtap.com/kzap/
KZFR,kzfr,North America,,,,39.728573,-121.839747,http://soundtap.com/kzfr/
KZLX,kzlx,North America,,,,40.352564,-94.884482,http://soundtap.com/kzlx/
KZMU,kzmu,North America,,,,38.546793,-109.517885,http://soundtap.com/kzmu/
KZSC,kzsc,North America,,,,36.9741171,-122.0307963,http://soundtap.com/kzsc/
KZSU,kzsu,North America,,,,37.4418834,-122.1430195,http://soundtap.com/kzsu/
KZUM,kzum,North America,,,,40.81341,-96.707266,http://soundtap.com/kzum/
KZYX,kzyx,North America,,,,39.071875,-123.457122,http://soundtap.com/kzyx/
Lasell Radio,lasellradio,North America,,,,42.34217,-71.243269,http://soundtap.com/lasellradio/
LCCC Radio,lcccradio,North America,,,,41.293872,-82.221939,http://soundtap.com/lcccradio/
Lehman Radio,lehmanradio,North America,,,,40.8447819,-73.8648268,http://soundtap.com/lehmanradio/
Luxuria Music,luxuriamusic,North America,,,,34.0928092,-118.3286614,http://soundtap.com/luxuriamusic/
Massasoit Radio,massasoitradio,North America,,,,42.0834335,-71.0183787,http://soundtap.com/massasoitradio/
Mutiny Radio,mutinyradio,North America,,,,37.7749295,-122.4194155,http://soundtap.com/mutinyradio/
Newtown Radio,newtownradio,North America,,,,40.6781784,-73.9441579,http://soundtap.com/newtownradio/
Norse Code Radio,norsecoderadio,North America,,,,39.032333,-84.463206,http://soundtap.com/norsecoderadio/
NPR,npr,North America,,,,38.903956,-77.008828,http://soundtap.com/npr/
OHIO FM,ohiofm,North America,,,,40.020918,-82.866183,http://soundtap.com/ohiofm/
Osprey Radio,ospreyradio,North America,,,,30.224169,-81.603737,http://soundtap.com/ospreyradio/
Party 934,party934,North America,,,,41.9209018,-73.9612887,http://soundtap.com/party934/
Pirate Radio,pirateradio,North America,,,,43.156304,-77.611724,http://soundtap.com/pirateradio/
PRI,pri,North America,,,,44.981709,-93.27416,http://soundtap.com/pri/
Proton Radio,protonradio,North America,,,,40.7127837,-74.0059413,http://soundtap.com/protonradio/
Radio Caroline,radiocaroline,North America,,,,40.748646,-74.009206,http://soundtap.com/radiocaroline/
Radio DC,radiodc,North America,,,,41.0464858,-73.9495818,http://soundtap.com/radiodc/
Radio Depaul,radiodepaul,North America,,,,41.877512,-87.627227,http://soundtap.com/radiodepaul/
Radio Free Brooklyn,radiofreebrooklyn,North America,,,,40.6781784,-73.9441579,http://soundtap.com/radiofreebrooklyn/
Radio Free Kokomo,radiofreekokomo,North America,,,,40.038896,-85.991466,http://soundtap.com/radiofreekokomo/
Radio Paradise,radioparadise,North America,,,,39.806828,-121.627474,http://soundtap.com/radioparadise/
Radio Phoenix,radiophoenix,North America,,,,33.458155,-112.073994,http://soundtap.com/radiophoenix/
Radio San Juan,radiosanjuan,North America,,,,18.4663338,-66.1057217,http://soundtap.com/radiosanjuan/
Radio UTD,radioutd,North America,,,,32.974669,-96.718087,http://soundtap.com/radioutd/
Radio Valencia,radiovalencia,North America,,,,37.7749295,-122.4194155,http://soundtap.com/radiovalencia/
Radio1190,radio1190,North America,,,,40.005988,-105.272048,http://soundtap.com/radio1190/
RadioK,radiok,North America,,,,44.970222,-93.242447,http://soundtap.com/radiok/
RadioX Nova,radioxnova,North America,,,,26.078793,-80.240039,http://soundtap.com/radioxnova/
Riddle Radio,riddleradio,North America,,,,34.54482,-112.456366,http://soundtap.com/riddleradio/
SCAD Radio,scadradio,North America,,,,32.069436,-81.092934,http://soundtap.com/scadradio/
ScadAtlanta ,scadatlanta,North America,,,,33.7489954,-84.3879824,http://soundtap.com/scadatlanta/
SIUE Web Radio,siuewebradio,North America,,,,38.746597,-90.072788,http://soundtap.com/siuewebradio/
Southern Soul Radio,southernsoulradio,North America,,,,44.4448968,-83.3643122,http://soundtap.com/southernsoulradio/
STAR 96,star96,North America,,,,39.8397733,-89.6624992,http://soundtap.com/star96/
Takoma Radio,takomaradio,North America,,,,38.9778882,-77.0074765,http://soundtap.com/takomaradio/
Tap Detroit,tapdetroit2,North America,,,,42.331427,-83.0457538,http://soundtap.com/tapdetroit2/
The Blaze 1330 AM,theblaze1330am,North America,,,,33.421801,-111.937552,http://soundtap.com/theblaze1330am/
the Core,thecore,North America,,,,40.5214008,-74.4613824,http://soundtap.com/thecore/
the current,thecurrent,North America,,,,44.231153,-95.271198,http://soundtap.com/thecurrent/
The Edge Radio,theedgeradio,North America,,,,37.970659,-87.568925,http://soundtap.com/theedgeradio/
The Galaxy Radio,thegalaxyradio,North America,,,,38.599817,-90.467223,http://soundtap.com/thegalaxyradio/
The LION,thelion,North America,,,,40.796111,-77.862778,http://soundtap.com/thelion/
the Lord of Satire,thelordofsatire,North America,,,,40.7127837,-74.0059413,http://soundtap.com/thelordofsatire/
The Lot Radio,thelotradio,North America,,,,40.6781784,-73.9441579,http://soundtap.com/thelotradio/
The River,theriver,North America,,,,41.272557,-95.801536,http://soundtap.com/theriver/
The Tom Leykis Show,thetomleykisshow,North America,,,,34.132695,-118.35763,http://soundtap.com/thetomleykisshow/
the Tower Radio,thetowerradio,North America,,,,37.755198,-122.452833,http://soundtap.com/thetowerradio/
The U - UMSL,theuumsl,North America,,,,38.706803,-90.305696,http://soundtap.com/theuumsl/
The Wolf,thewolf,North America,,,,33.572562,-85.097898,http://soundtap.com/thewolf/
Titan Radio,titanradio,North America,,,,33.808048,-117.864897,http://soundtap.com/titanradio/
Tornado Radio,tornadoradio,North America,,,,30.291384,-97.721258,http://soundtap.com/tornadoradio/
UCLAradio,uclaradio,North America,,,,34.017694,-118.406155,http://soundtap.com/uclaradio/
UMFM,umfm,North America,,,,49.895136,-97.1383744,http://soundtap.com/umfm/
UNC Student Radio,uncstudentradio,North America,,,,40.413842,-104.694197,http://soundtap.com/uncstudentradio/
University Radio Hilo,universityradiohilo,North America,,,,21.306982,-157.811671,http://soundtap.com/universityradiohilo/
Urban Knights Radio,urbanknightsradio,North America,,,,37.762716,-122.419219,http://soundtap.com/urbanknightsradio/
VICradio,vicradio,North America,,,,42.4502,-76.495,http://soundtap.com/vicradio/
VMFM,vmfm,North America,,,,41.408969,-75.6624122,http://soundtap.com/vmfm/
vocalo,vocalo,North America,,,,41.528546,-87.697107,http://soundtap.com/vocalo/
Volna FM,volnafm,North America,,,,32.715738,-117.1610838,http://soundtap.com/volnafm/
WACC,wacc,North America,,,,40.652448,-74.350501,http://soundtap.com/wacc/
WAER,waer,North America,,,,43.036554,-76.12807,http://soundtap.com/waer/
WAKE Radio,wakeradio,North America,,,,36.099977,-79.777254,http://soundtap.com/wakeradio/
Want It! Radio,wantitradio,North America,,,,37.80678,-122.269836,http://soundtap.com/wantitradio/
WAPJ,wapj,North America,,,,41.801426,-73.122525,http://soundtap.com/wapj/
WAYN,waynradio,North America,,,,42.529271,-83.304842,http://soundtap.com/waynradio/
WBAA,wbaa,North America,,,,41.103633,-85.179489,http://soundtap.com/wbaa/
WBAI,wbai,North America,,,,40.704852,-74.005969,http://soundtap.com/wbai/
WBAR,wbar,North America,,,,40.7143528,-74.0059731,http://soundtap.com/wbar/
WBCR-lp,wbcrlp,North America,,,,42.19695,-73.362917,http://soundtap.com/wbcrlp/
WBCX,wbcx,North America,,,,33.7748275,-84.2963123,http://soundtap.com/wbcx/
WBER,wber,North America,,,,43.11024,-77.462301,http://soundtap.com/wber/
WBFH,wbfh,North America,,,,42.578367,-83.286045,http://soundtap.com/wbfh/
WBGU,wbgu,North America,,,,41.371569,-83.641446,http://soundtap.com/wbgu/
WBJB,wbjb,North America,,,,40.752578,-73.978374,http://soundtap.com/wbjb/
WBNY,wbny,North America,,,,42.933995,-78.879068,http://soundtap.com/wbny/
WBOI,wboi,North America,,,,41.103633,-85.179489,http://soundtap.com/wboi/
WBOR,wbor,North America,,,,43.907451,-69.960315,http://soundtap.com/wbor/
WBRS,wbrs,North America,,,,42.35942,-71.257118,http://soundtap.com/wbrs/
WBUR,wbur,North America,,,,42.350519,-71.115641,http://soundtap.com/wbur/
WBWC,wbwc,North America,,,,41.369414,-81.848372,http://soundtap.com/wbwc/
WBZC,wbzc,North America,,,,40.015367,-74.884076,http://soundtap.com/wbzc/
WCBN,wcbn,North America,,,,42.2808256,-83.7430378,http://soundtap.com/wcbn/
WCCR,wccr,North America,,,,36.7434169,-84.1596561,http://soundtap.com/wccr/
WCDB,wcdb,North America,,,,42.685365,-73.825201,http://soundtap.com/wcdb/
WCFM,wcfm,North America,,,,42.710499,-73.20213,http://soundtap.com/wcfm/
WCHC,wchc,North America,,,,42.237593,-71.808127,http://soundtap.com/wchc/
WCKS,wcks,North America,,,,42.6579231,-86.2052745,http://soundtap.com/wcks/
WCRX,wcrx,North America,,,,41.87414,-87.624461,http://soundtap.com/wcrx/
WCSB,wcsb,North America,,,,41.49932,-81.6943605,http://soundtap.com/wcsb/
WCSF,wcsf,North America,,,,41.532809,-88.098392,http://soundtap.com/wcsf/
WCUW,wcuw,North America,,,,42.251583,-71.819901,http://soundtap.com/wcuw/
WDBM,wdbm,North America,,,,42.727065,-84.473702,http://soundtap.com/wdbm/
WDCE,wdce,North America,,,,37.580146,-77.542764,http://soundtap.com/wdce/
WDCR,wdcr,North America,,,,43.703077,-72.289973,http://soundtap.com/wdcr/
WDCV,wdcv,North America,,,,40.202609,-77.195824,http://soundtap.com/wdcv/
WDIY,wdiy,North America,,,,40.61023,-75.382576,http://soundtap.com/wdiy/
WDRT,wdrt,North America,,,,43.55379,-90.889182,http://soundtap.com/wdrt/
WDSR,wdsr,North America,,,,40.4406248,-79.9958864,http://soundtap.com/wdsr/
WDVX,wdvx,North America,,,,35.967172,-83.919538,http://soundtap.com/wdvx/
WECI,weci,North America,,,,39.823941,-84.913241,http://soundtap.com/weci/
WECS,wecs,North America,,,,41.683432,-72.215912,http://soundtap.com/wecs/
WEFT,weft,North America,,,,40.116817,-88.241749,http://soundtap.com/weft/
WERA-LP,weralp,North America,,,,38.8799697,-77.1067698,http://soundtap.com/weralp/
WERS,wers,North America,,,,42.352337,-71.065316,http://soundtap.com/wers/
WERU,weru,North America,,,,44.565082,-68.667266,http://soundtap.com/weru/
WERW,werw,North America,,,,43.0481221,-76.1474244,http://soundtap.com/werw/
WESN,wesn,North America,,,,40.491153,-88.993711,http://soundtap.com/wesn/
WESS,wess,North America,,,,40.997317,-75.172402,http://soundtap.com/wess/
WESU,wesu,North America,,,,41.555445,-72.652166,http://soundtap.com/wesu/
WFCS,wfcs,North America,,,,41.693433,-72.763152,http://soundtap.com/wfcs/
WFHB,wfhb,North America,,,,39.165699,-86.53377,http://soundtap.com/wfhb/
WFMU,wfmu,North America,,,,40.71654,-74.036369,http://soundtap.com/wfmu/
WFNP,wfnp,North America,,,,41.741541,-74.120866,http://soundtap.com/wfnp/
WFPK,wfpk,North America,,,,38.2526647,-85.7584557,http://soundtap.com/wfpk/
WFSN,wfsn,North America,,,,41.8995001,-79.8453298,http://soundtap.com/wfsn/
WFUV,wfuv,North America,,,,40.860526,-73.883848,http://soundtap.com/wfuv/
WGCC,wgcc,North America,,,,43.01756,-78.138071,http://soundtap.com/wgcc/
WGCS,wgcs,North America,,,,41.565591,-85.828462,http://soundtap.com/wgcs/
WGLS,wgls,North America,,,,39.707802,-75.121459,http://soundtap.com/wgls/
WGMU,wgmu,North America,,,,38.833131,-77.308207,http://soundtap.com/wgmu/
WGOT,wgot,North America,,,,29.654323,-82.339099,http://soundtap.com/wgot/
WGRP Radiate FM,wgrpradiatefm,North America,,,,25.7889689,-80.2264393,http://soundtap.com/wgrpradiatefm/
WGTB,wgtb,North America,,,,38.91,-77.075355,http://soundtap.com/wgtb/
WGUR,wgur,North America,,,,33.325797,-83.388815,http://soundtap.com/wgur/
WGXC,wgxc,North America,,,,42.3292408,-75.7699147,http://soundtap.com/wgxc/
WHEI,whei,North America,,,,41.1144992,-83.1779746,http://soundtap.com/whei/
WHFR,whfr,North America,,,,42.3222599,-83.1763145,http://soundtap.com/whfr/
WHPK,whpk,North America,,,,41.790759,-87.598245,http://soundtap.com/whpk/
WHRB,whrb,North America,,,,42.371933,-71.113499,http://soundtap.com/whrb/
WHRT,whrt,North America,,,,41.1408363,-73.2612615,http://soundtap.com/whrt/
WHRV,whrv,North America,,,,36.8507689,-76.2858726,http://soundtap.com/whrv/
WHRW,whrw,North America,,,,42.089758,-75.917242,http://soundtap.com/whrw/
WHUR,whur,North America,,,,38.9071923,-77.0368707,http://soundtap.com/whur/
WHWS,whws,North America,,,,42.880701,-76.982099,http://soundtap.com/whws/
WHYNOT Radio,whynotradio,North America,,,,39.941175,-75.149166,http://soundtap.com/whynotradio/
WICB,wicb,North America,,,,42.449936,-76.48107,http://soundtap.com/wicb/
WICN,wicn,North America,,,,42.259932,-71.80209,http://soundtap.com/wicn/
WIDB,widb,North America,,,,37.7272727,-89.2167501,http://soundtap.com/widb/
WIDR,widr,North America,,,,42.286581,-85.573698,http://soundtap.com/widr/
WITR,witr,North America,,,,43.084236,-77.674633,http://soundtap.com/witr/
WIUP,wiup,North America,,,,40.615795,-79.161209,http://soundtap.com/wiup/
WIUV,wiuv,North America,,,,43.608122,-73.181221,http://soundtap.com/wiuv/
WIWU,wiwu,North America,,,,40.521849,-85.665931,http://soundtap.com/wiwu/
WIXQ,wixq,North America,,,,39.9959936,-76.3535986,http://soundtap.com/wixq/
WJAB,wjab,North America,,,,34.7303688,-86.5861037,http://soundtap.com/wjab/
WJCU,wjcu,North America,,,,41.46248,-81.850771,http://soundtap.com/wjcu/
WJHK,wjhk,North America,,,,38.9716689,-95.2352501,http://soundtap.com/wjhk/
WJHU,wjhu,North America,,,,39.2903848,-76.6121893,http://soundtap.com/wjhu/
WJJW,wjjw,North America,,,,42.690915,-73.103992,http://soundtap.com/wjjw/
WJMF,wjmf,North America,,,,41.91914,-71.538366,http://soundtap.com/wjmf/
WJTB,wjtb,North America,,,,40.735657,-74.1723667,http://soundtap.com/wjtb/
WKCO,wkco,North America,,,,40.373675,-82.395715,http://soundtap.com/wkco/
WKCR,wkcr,North America,,,,40.7127837,-74.0059413,http://soundtap.com/wkcr/
WKDU,wkdu,North America,,,,39.9525839,-75.1652215,http://soundtap.com/wkdu/
WKMS,wkms,North America,,,,36.92172,-88.097248,http://soundtap.com/wkms/
WKNC,wknc,North America,,,,35.7795897,-78.6381787,http://soundtap.com/wknc/
WKRB,wkrb,North America,,,,40.65,-73.95,http://soundtap.com/wkrb/
WLFC,wlfc,North America,,,,41.052504,-83.651737,http://soundtap.com/wlfc/
WLFR,wlfr,North America,,,,39.491618,-74.531454,http://soundtap.com/wlfr/
WLOY,wloy,North America,,,,39.2903848,-76.6121893,http://soundtap.com/wloy/
WLRA,wlra,North America,,,,41.6475306,-88.0895061,http://soundtap.com/wlra/
WLSO,wlso,North America,,,,46.521858,-84.3460896,http://soundtap.com/wlso/
WLUR,wlur,North America,,,,37.788187,-79.443093,http://soundtap.com/wlur/
WLUW,wluw,North America,,,,41.897543,-87.625417,http://soundtap.com/wluw/
WLVR,wlvr,North America,,,,40.60623,-75.379053,http://soundtap.com/wlvr/
WMBC,wmbc,North America,,,,39.2903848,-76.6121893,http://soundtap.com/wmbc/
WMBR,wmbr,North America,,,,42.359362,-71.088299,http://soundtap.com/wmbr/
WMFO,wmfo,North America,,,,42.406897,-71.116504,http://soundtap.com/wmfo/
WMHW,wmhw,North America,,,,43.586266,-84.773843,http://soundtap.com/wmhw/
WMKV,wmkv,North America,,,,39.275715,-84.47968,http://soundtap.com/wmkv/
WMNF,wmnf,North America,,,,27.981712,-82.446057,http://soundtap.com/wmnf/
WMNJ,wmnj,North America,,,,40.760027,-74.425912,http://soundtap.com/wmnj/
WMRE,wmre,North America,,,,33.7489954,-84.3879824,http://soundtap.com/wmre/
WMSC,wmsc,North America,,,,40.864822,-74.200423,http://soundtap.com/wmsc/
WMSE,wmse,North America,,,,43.04173,-87.906706,http://soundtap.com/wmse/
WMSV,wmsv,North America,,,,33.454425,-88.791838,http://soundtap.com/wmsv/
WMTU,wmtu,North America,,,,47.11364,-88.548123,http://soundtap.com/wmtu/
WMUC,wmuc,North America,,,,38.983064,-76.943947,http://soundtap.com/wmuc/
WMUH,wmuh,North America,,,,40.597392,-75.510165,http://soundtap.com/wmuh/
WMUL,wmul,North America,,,,38.4192496,-82.445154,http://soundtap.com/wmul/
WMWM,wmwm,North America,,,,42.503985,-70.890048,http://soundtap.com/wmwm/
WMXM,wmxm,North America,,,,42.250023,-87.829236,http://soundtap.com/wmxm/
WNAA,wnaa,North America,,,,36.077913,-79.771975,http://soundtap.com/wnaa/
WNCW,wncw,North America,,,,35.35496,-81.92793,http://soundtap.com/wncw/
WNKU,wnku,North America,,,,39.039228,-84.465775,http://soundtap.com/wnku/
WNUR,wnur,North America,,,,41.8781136,-87.6297982,http://soundtap.com/wnur/
WNYC,wnyc,North America,,,,40.726765,-74.005418,http://soundtap.com/wnyc/
WNYU,wnyu,North America,,,,40.726304,-73.996767,http://soundtap.com/wnyu/
WOAS,woas,North America,,,,46.874941,-89.300141,http://soundtap.com/woas/
WOBC,wobc,North America,,,,41.2939386,-82.2173786,http://soundtap.com/wobc/
WOBO,wobo,North America,,,,39.062522,-84.098791,http://soundtap.com/wobo/
WONC,wonc,North America,,,,41.769968,-88.144388,http://soundtap.com/wonc/
WONY,wony,North America,,,,42.467301,-75.060719,http://soundtap.com/wony/
WOOL,wool,North America,,,,42.924877,-72.306039,http://soundtap.com/wool/
WORT,wort,North America,,,,43.067368,-89.3907,http://soundtap.com/wort/
WPCD,wpcd,North America,,,,40.125587,-88.291441,http://soundtap.com/wpcd/
WPFK,wpfk,North America,,,,38.248219,-85.757906,http://soundtap.com/wpfk/
WPFW,wpfw,North America,,,,38.922306,-77.041433,http://soundtap.com/wpfw/
WPHS,wphs,North America,,,,42.519834,-83.009909,http://soundtap.com/wphs/
WPIR,wpir,North America,,,,40.65,-73.95,http://soundtap.com/wpir/
WPKN,wpkn,North America,,,,41.166706,-73.190237,http://soundtap.com/wpkn/
WPRB,wprb,North America,,,,40.343006,-74.655955,http://soundtap.com/wprb/
WPRK,wprk,North America,,,,28.594722,-81.335068,http://soundtap.com/wprk/
WPSC,wpsc,North America,,,,40.996209,-74.280426,http://soundtap.com/wpsc/
WPTS,wpts,North America,,,,40.444378,-79.953385,http://soundtap.com/wpts/
WPUB,wpub,North America,,,,40.7143528,-74.0059731,http://soundtap.com/wpub/
WQAQ,wqaq,North America,,,,41.419383,-72.895489,http://soundtap.com/wqaq/
WQHS,wqhs,North America,,,,39.948972,-75.189583,http://soundtap.com/wqhs/
WRAS,wras,North America,,,,33.7489954,-84.3879824,http://soundtap.com/wras/
WRBB,wrbb,North America,,,,42.339403,-71.087548,http://soundtap.com/wrbb/
WRBC,wrbc,North America,,,,41.877415,-87.636574,http://soundtap.com/wrbc/
WRBC Radio,wrbcradio,North America,,,,44.105073,-70.208388,http://soundtap.com/wrbcradio/
WRCT,wrct,North America,,,,40.443095,-79.942541,http://soundtap.com/wrct/
WREK,wrek,North America,,,,33.773465,-84.397745,http://soundtap.com/wrek/
WRFA-LP,wrfalp,North America,,,,42.097696,-79.243193,http://soundtap.com/wrfalp/
WRFL,wrfl,North America,,,,38.0405837,-84.5037164,http://soundtap.com/wrfl/
WRGP,wrgp,North America,,,,25.756377,-80.372651,http://soundtap.com/wrgp/
WRGW,wrgw,North America,,,,38.900272,-77.04706,http://soundtap.com/wrgw/
WRIR,wrir,North America,,,,37.554533,-77.457152,http://soundtap.com/wrir/
WRIU,wriu,North America,,,,41.484992,-71.529831,http://soundtap.com/wriu/
WRMC,wrmc,North America,,,,44.015329,-73.167351,http://soundtap.com/wrmc/
WRPI,wrpi,North America,,,,42.729288,-73.679504,http://soundtap.com/wrpi/
WRPN,wrpn,North America,,,,43.843466,-88.842206,http://soundtap.com/wrpn/
WRRG,wrrg,North America,,,,41.9258642,-87.8358943,http://soundtap.com/wrrg/
WRST,wrst,North America,,,,44.029459,-88.552283,http://soundtap.com/wrst/
WRTU,wrtu,North America,,,,18.405678,-66.050721,http://soundtap.com/wrtu/
WRUB,wrub,North America,,,,42.978333,-78.8,http://soundtap.com/wrub/
WRUF,wruf,North America,,,,29.647725,-82.347308,http://soundtap.com/wruf/
WRUR,wrur,North America,,,,43.122477,-77.624257,http://soundtap.com/wrur/
WRUV,wruv,North America,,,,44.4758825,-73.212072,http://soundtap.com/wruv/
WRUW,wruw,North America,,,,41.49932,-81.6943605,http://soundtap.com/wruw/
WRVU,wrvu,North America,,,,36.1626638,-86.7816016,http://soundtap.com/wrvu/
WSBF,wsbf,North America,,,,34.678439,-82.820698,http://soundtap.com/wsbf/
WSBU,wsbu,North America,,,,42.079902,-78.484521,http://soundtap.com/wsbu/
WSCA,wsca,North America,,,,43.0717552,-70.7625532,http://soundtap.com/wsca/
WSIA,wsia,North America,,,,40.597604,-74.114309,http://soundtap.com/wsia/
WSNC,wsnc,North America,,,,36.093471,-80.23116,http://soundtap.com/wsnc/
WSOE,wsoe,North America,,,,36.10512,-79.504607,http://soundtap.com/wsoe/
WSOU,wsou,North America,,,,40.7489277,-74.2609903,http://soundtap.com/wsou/
WSPC,wspc,North America,,,,40.881451,-74.045265,http://soundtap.com/wspc/
WSPN,wspn,North America,,,,43.098668,-73.78683,http://soundtap.com/wspn/
WSUM,wsum,North America,,,,43.0730517,-89.4012302,http://soundtap.com/wsum/
WSUP,wsup,North America,,,,42.732261,-90.485802,http://soundtap.com/wsup/
WSYC,wsyc,North America,,,,40.0506453,-77.5202647,http://soundtap.com/wsyc/
WTBU,wtbu,North America,,,,42.348833,-71.10177,http://soundtap.com/wtbu/
WTIP,wtip,North America,,,,47.6051056,-90.4931767,http://soundtap.com/wtip/
WTJU,wtju,North America,,,,38.041847,-78.503484,http://soundtap.com/wtju/
WTMD,wtmd,North America,,,,39.2903848,-76.6121893,http://soundtap.com/wtmd/
WTND,wtnd,North America,,,,40.4592076,-90.6717971,http://soundtap.com/wtnd/
WTRE,wtre,North America,,,,39.952335,-75.163789,http://soundtap.com/wtre/
WTSR,wtsr,North America,,,,40.27021,-74.779698,http://soundtap.com/wtsr/
WTUL,wtul,North America,,,,29.939464,-90.119957,http://soundtap.com/wtul/
WUAG,wuag,North America,,,,36.068006,-79.805658,http://soundtap.com/wuag/
WUEV,wuev,North America,,,,37.973375,-87.530014,http://soundtap.com/wuev/
WUMB,wumb,North America,,,,42.319669,-71.047165,http://soundtap.com/wumb/
WUMD,wumd,North America,,,,42.288421,-83.737149,http://soundtap.com/wumd/
WUMM,wumm,North America,,,,44.7150789,-67.461376,http://soundtap.com/wumm/
WUMR,wumr,North America,,,,35.1495343,-90.0489801,http://soundtap.com/wumr/
WUNC,wunc,North America,,,,35.9131996,-79.0558445,http://soundtap.com/wunc/
WUNH,wunh,North America,,,,43.134369,-70.930223,http://soundtap.com/wunh/
WUOG,wuog,North America,,,,33.95,-83.383333,http://soundtap.com/wuog/
WUPX,wupx,North America,,,,46.556565,-87.401314,http://soundtap.com/wupx/
WUSB,wusb,North America,,,,40.914234,-73.116266,http://soundtap.com/wusb/
WUSC,wusc,North America,,,,34.000711,-81.021758,http://soundtap.com/wusc/
WUSO,wuso,North America,,,,39.935893,-83.811873,http://soundtap.com/wuso/
WUTK,wutk,North America,,,,35.952677,-83.926364,http://soundtap.com/wutk/
WUVT,wuvt,North America,,,,37.229688,-80.417873,http://soundtap.com/wuvt/
WVAU,wvau,North America,,,,38.8951118,-77.0363658,http://soundtap.com/wvau/
WVBR,wvbr,North America,,,,42.4439614,-76.5018807,http://soundtap.com/wvbr/
WVCP,wvcp,North America,,,,36.362112,-86.497498,http://soundtap.com/wvcp/
WVEW,wvew,North America,,,,42.852966,-72.558106,http://soundtap.com/wvew/
WVFS,wvfs,North America,,,,30.440007,-84.291303,http://soundtap.com/wvfs/
WVKR,wvkr,North America,,,,41.7003713,-73.9209701,http://soundtap.com/wvkr/
WVTC,wvtc,North America,,,,43.936975,-72.603589,http://soundtap.com/wvtc/
WVUD,wvud,North America,,,,39.676914,-75.74986,http://soundtap.com/wvud/
WVUM,wvum,North America,,,,25.759377,-80.381619,http://soundtap.com/wvum/
WVYC,wvyc,North America,,,,39.946435,-76.728293,http://soundtap.com/wvyc/
WWEC,wwec,North America,,,,40.1528719,-76.6027455,http://soundtap.com/wwec/
WWHR,wwhr,North America,,,,36.983375,-86.456658,http://soundtap.com/wwhr/
WWOZ,wwoz,North America,,,,29.959004,-90.060328,http://soundtap.com/wwoz/
WWVU U92,wwvuu92,North America,,,,39.6348202,-79.9535637,http://soundtap.com/wwvuu92/
WXAC,wxac,North America,,,,40.403733,-75.940518,http://soundtap.com/wxac/
WXAV,wxav,North America,,,,41.710867,-87.714495,http://soundtap.com/wxav/
WXCU,wxcu,North America,,,,39.9611755,-82.9987942,http://soundtap.com/wxcu/
WXDU,wxdu,North America,,,,36.008981,-78.917388,http://soundtap.com/wxdu/
WXOJ,wxoj,North America,,,,42.335505,-72.6719853,http://soundtap.com/wxoj/
WXOU,wxou,North America,,,,42.680588,-83.1338214,http://soundtap.com/wxou/
WXOX,wxox,North America,,,,38.2526647,-85.7584557,http://soundtap.com/wxox/
WXPN,wxpn,North America,,,,39.952051,-75.185147,http://soundtap.com/wxpn/
WXPR,wxpr,North America,,,,45.630645,-89.419012,http://soundtap.com/wxpr/
WXUT,wxut,North America,,,,41.6639383,-83.555212,http://soundtap.com/wxut/
WXYC,wxyc,North America,,,,35.91031,-79.047712,http://soundtap.com/wxyc/
WYBC,wybc,North America,,,,41.305631,-72.927784,http://soundtap.com/wybc/
WYN Radio,wynradio,North America,,,,25.796005,-80.128712,http://soundtap.com/wynradio/
Wyoming Public Radio,wyomingpublicradio,North America,,,,41.314621,-105.56983,http://soundtap.com/wyomingpublicradio/
WYSU,wysu,North America,,,,41.106822,-80.646759,http://soundtap.com/wysu/
WZBC,wzbc,North America,,,,42.3600825,-71.0588801,http://soundtap.com/wzbc/
WZBT,wzbt,North America,,,,39.835739,-77.236019,http://soundtap.com/wzbt/
WZLY,wzly,North America,,,,42.293152,-71.305335,http://soundtap.com/wzly/
XRAY FM,xrayfm,North America,,,,45.5230622,-122.6764816,http://soundtap.com/xrayfm/
YNOT Radio,ynotradio,North America,,,,39.950112,-75.158746,http://soundtap.com/ynotradio/
ZUMIX,zumix,North America,,,,42.368144,-71.037765,http://soundtap.com/zumix/
3RRR,3rrr,Oceania,"Melbourne, Australia",http://www.rrr.org.au/,active,-37.767498,144.979926,http://soundtap.com/3rrr/
4ZZZ,4zzz,Oceania,,,,-27.456943,153.031296,http://soundtap.com/4zzz/
andhowFM,andhowfm,Oceania,"Papakowhai, New Zealand",http://andhow.org/,active,-41.1193822,174.8587926,http://soundtap.com/andhowfm/
Bondi Beach Radio,bondibeachradio,Oceania,,,,-31.2532183,146.921099,http://soundtap.com/bondibeachradio/
Boom Radio,boomradio,Oceania,,,,-31.9363895,115.8419536,http://soundtap.com/boomradio/
FreeFM,freefm,Oceania,,,,-37.79204,175.277233,http://soundtap.com/freefm/
PBSFM,pbsfm,Oceania,,,,-37.797822,144.986538,http://soundtap.com/pbsfm/
PRI Bali,pribali,Oceania,,,,-8.4095178,115.188916,http://soundtap.com/pribali/
Radio Kidnappers,radiokidnappers,Oceania,,,,-39.636002,176.84697,http://soundtap.com/radiokidnappers/
Radio One 91FM,radioone91fm,Oceania,,,,-45.8787605,170.5027976,http://soundtap.com/radioone91fm/
RTRfm,rtrfm,Oceania,,,,-31.934851,115.872028,http://soundtap.com/rtrfm/
tripleJ,triplej,Oceania,,,,-33.926204,151.053414,http://soundtap.com/triplej/
